<?xml version="1.0" encoding="UTF-8"?>
<beans xmlns="http://www.springframework.org/schema/beans"
	xmlns:xsi="http://www.w3.org/2001/XMLSchema-instance"
	xmlns:aop="http://www.springframework.org/schema/aop"
	xsi:schemaLocation="http://www.springframework.org/schema/beans http://www.springframework.org/schema/beans/spring-beans.xsd
		http://www.springframework.org/schema/aop http://www.springframework.org/schema/aop/spring-aop-3.1.xsd">

    <bean class="com.psl.Train" id="train"/>
    <bean class="com.psl.TicketCollector" id="ticketCollector"/>
    
   <aop:aspectj-autoproxy/>
        
<!--     <aop:config> -->
<!--        <aop:aspect ref="ticketCollector"> -->
<!--            <aop:pointcut expression="execution(* com.psl.Train.trainRunOnTime(..))" id="tc1"/> -->
<!--            <aop:around method="checkingTicket" pointcut-ref="tc1"/> -->
<!--        </aop:aspect> -->
<!--     </aop:config> -->
</beans>
