<?xml version="1.0" encoding="UTF-8"?>
<beans xmlns="http://www.springframework.org/schema/beans"
	xmlns:xsi="http://www.w3.org/2001/XMLSchema-instance"
	xmlns:context="http://www.springframework.org/schema/context"
	xsi:schemaLocation="http://www.springframework.org/schema/beans http://www.springframework.org/schema/beans/spring-beans.xsd
		http://www.springframework.org/schema/context http://www.springframework.org/schema/context/spring-context-3.1.xsd">

<context:component-scan base-package="com.psl.bean"/>

<bean class="com.psl.bean.Passenger" id="passenger" lazy-init="true" scope="prototype" autowire="byType">
  <property name="name" value="vansh"/>
  <property name="source" value="goa"/>
  <property name="destination" value="pune"/>
</bean>

<bean class="com.psl.bean.Ticket" id="ticket" autowire-candidate="true" primary="true"> 
<!--   <constructor-arg name="train_no" value="1023"/> -->
<!--   <constructor-arg name="train_name" value="rajdhani express"/> -->
<!--   <constructor-arg name="ticket_no" value="123"/> -->
<!--   <constructor-arg name="ticket_type" value="AC"/> -->
<!--   <constructor-arg name="price" value="2000"/> -->
  
  
  <property name="train_no" value="1023"/>
  <property name="train_name" value="rajdhani express"/>
  <property name="ticket_no" value="123"/>
  <property name="ticket_type" value="AC"/>
  <property name="price" value="2000"/>
</bean>

<bean class="com.psl.bean.Ticket" id="ticket1" parent="ticket" autowire-candidate="true" primary="false">
</bean>

</beans>
