<?xml version="1.0" encoding="UTF-8"?>
<beans xmlns="http://www.springframework.org/schema/beans"
	xmlns:xsi="http://www.w3.org/2001/XMLSchema-instance"
	xsi:schemaLocation="http://www.springframework.org/schema/beans http://www.springframework.org/schema/beans/spring-beans.xsd">


    <bean class="com.psl.bean.User" id="user">
     <property name="account_no" value="1089792"></property>
      <property name="name" value="pooja"></property>
       <property name="amount" value="10000"></property>
    </bean>
    
     <bean class="com.psl.service.UserService" id="service">
       <property name="dao" ref="dao"></property>
    </bean>
    
    <bean class="com.psl.dao.UserDAOImpl" id="dao">
       <property name="dataSource" ref="ds"></property>
      
    </bean>
    
   <bean class="org.springframework.jdbc.datasource.DriverManagerDataSource" id="ds">
    <property name="driverClassName" value="com.mysql.jdbc.Driver"></property>
    <property name="url" value="jdbc:mysql://localhost:3306/bankdb"></property>
    <property name="username" value="root"></property>
    <property name="password" value="root"></property>
    </bean>

</beans>
